id,archived,contract_id,place_id
1,0,1,1
2,0,1,2
3,0,1,3
4,0,1,4
5,0,1,5
6,0,1,6
7,0,1,7
8,0,1,8
9,0,1,9
10,0,1,10
11,0,1,11
12,0,1,12
13,0,1,13
14,0,1,14
15,0,1,15
16,0,1,16
17,0,1,17
18,0,1,18
19,0,1,19
20,0,1,20
21,0,1,21
22,0,1,22
23,0,1,23
24,0,1,24
25,0,1,25
26,0,1,26
27,0,1,27
28,0,1,28
29,0,1,29
30,0,1,30
31,0,1,31
32,0,1,32
33,0,1,33
34,0,1,34
35,0,1,35
36,0,1,36
37,0,1,37
38,0,1,38
39,0,1,39
40,0,1,40
41,0,1,41
42,0,1,42
43,0,1,43
44,0,1,44
45,0,1,45
46,0,1,46
47,0,1,47
48,0,1,48
49,0,1,49
50,0,1,50
51,0,1,51
52,0,1,52
53,0,1,53
54,0,1,54
55,0,1,55
56,0,1,56
57,0,1,57
58,0,1,58
59,0,1,59
60,0,1,60
61,0,1,61
62,0,1,62
63,0,1,63
64,0,1,64
65,0,1,65
66,0,1,66
67,0,1,67
68,0,1,68
69,0,1,69
70,0,1,70
71,0,1,71
72,0,1,72
73,0,1,73
74,0,1,74
75,0,1,75
76,0,1,76
77,0,1,77
78,0,1,78
79,0,1,79
80,0,1,80
81,0,1,81
82,0,1,82
83,0,1,83
84,0,1,84
85,0,1,85
86,0,1,86
87,0,1,87
88,0,1,88
89,0,1,89
90,0,1,90
91,0,1,91
92,0,1,92
93,0,1,93
94,0,1,94
95,0,1,95
96,0,1,96
97,0,1,97
98,0,1,98
99,0,1,99
100,0,1,100
104,0,1,4
105,0,1,5
106,0,1,6
107,0,1,7
108,0,1,8
109,0,1,9
110,0,1,10
111,0,1,11
112,0,1,12
113,0,1,13
114,0,1,14
115,0,1,15
116,0,1,16
117,0,1,17
118,0,1,18
119,0,1,19
120,0,1,20
121,0,1,21
122,0,1,22
123,0,1,23
124,0,1,24
125,0,1,25
126,0,1,26
127,0,1,27
128,0,1,28
129,0,1,29
130,0,1,30
131,0,1,31
132,0,1,32
133,0,1,33
134,0,1,34
135,0,1,35
136,0,1,36
137,0,1,37
138,0,1,38
139,0,1,39
140,0,1,40
141,0,1,41
142,0,1,42
143,0,1,43
144,0,1,44
145,0,1,45
146,0,1,46
147,0,1,47
148,0,1,48
149,0,1,49
150,0,1,50
151,0,1,51
152,0,1,52
153,0,1,53
154,0,1,54
155,0,1,55
156,0,1,56
157,0,1,57
158,0,1,58
159,0,1,59
160,0,1,60
161,0,1,61
162,0,1,62
163,0,1,63
164,0,1,64
165,0,1,65
166,0,1,66
167,0,1,67
168,0,1,68
169,0,1,69
170,0,1,70
171,0,1,71
172,0,1,72
173,0,1,73
174,0,1,74
175,0,1,75
176,0,1,76
177,0,1,77
178,0,1,78
179,0,1,79
180,0,1,80
181,0,1,81
182,0,1,82
183,0,1,83
184,0,1,84
185,0,1,85
186,0,1,86
187,0,1,87
188,0,1,88
189,0,1,89
190,0,1,90
191,0,1,91
192,0,1,92
193,0,1,93
194,0,1,94
195,0,1,95
196,0,1,96
197,0,1,97
198,0,1,98
199,0,1,99
200,0,1,100
201,0,1,1
202,0,1,2
203,0,1,3
204,0,1,4
205,0,1,5
206,0,1,6
207,0,1,7
208,0,1,8
209,0,1,9
210,0,1,10
211,0,1,11
212,0,1,12
213,0,1,13
214,0,1,14
215,0,1,15
216,0,1,16
217,0,1,17
218,0,1,18
219,0,1,19
220,0,1,20
221,0,1,21
222,0,1,22
223,0,1,23
224,0,1,24
225,0,1,25
226,0,1,26
227,0,1,27
228,0,1,28
229,0,1,29
230,0,1,30
231,0,1,31
232,0,1,32
233,0,1,33
234,0,1,34
235,0,1,35
236,0,1,36
237,0,1,37
238,0,1,38
239,0,1,39
240,0,1,40
241,0,1,41
242,0,1,42
243,0,1,43
244,0,1,44
245,0,1,45
246,0,1,46
247,0,1,47
248,0,1,48
249,0,1,49
250,0,1,50
251,0,1,51
252,0,1,52
253,0,1,53
254,0,1,54
255,0,1,55
256,0,1,56
257,0,1,57
258,0,1,58
259,0,1,59
260,0,1,60
261,0,1,61
262,0,1,62
263,0,1,63
264,0,1,64
265,0,1,65
266,0,1,66
267,0,1,67
268,0,1,68
269,0,1,69
270,0,1,70
271,0,1,71
272,0,1,72
273,0,1,73
274,0,1,74
275,0,1,75
276,0,1,76
277,0,1,77
278,0,1,78
279,0,1,79
280,0,1,80
281,0,1,81
282,0,1,82
283,0,1,83
284,0,1,84
285,0,1,85
286,0,1,86
287,0,1,87
288,0,1,88
289,0,1,89
290,0,1,90
291,0,1,91
292,0,1,92
293,0,1,93
294,0,1,94
295,0,1,95
296,0,1,96
297,0,1,97
298,0,1,98
299,0,1,99
300,0,1,100
301,0,1,1
302,0,1,42
303,0,1,15
304,0,1,88
305,0,1,23
306,0,1,67
307,0,1,5
308,0,1,91
309,0,1,34
310,0,1,12
311,0,1,56
312,0,1,78
313,0,1,3
314,0,1,49
315,0,1,27
316,0,1,99
317,0,1,61
318,0,1,18
319,0,1,82
320,0,1,10
321,0,1,1
322,0,1,2
323,0,1,3
324,0,1,4
325,0,1,5
326,0,1,6
327,0,1,7
328,0,1,8
329,0,1,9
330,0,1,10
331,0,1,11
332,0,1,12
333,0,1,13
334,0,1,14
335,0,1,15
336,0,1,16
337,0,1,17
338,0,1,18
339,0,1,19
340,0,1,20
341,0,1,21
342,0,1,22
343,0,1,23
344,0,1,24
345,0,1,25
346,0,1,26
347,0,1,27
348,0,1,28
349,0,1,29
350,0,1,30
351,0,1,31
352,0,1,32
353,0,1,33
354,0,1,34
355,0,1,35
356,0,1,36
357,0,1,37
358,0,1,38
359,0,1,39
360,0,1,40
361,0,1,41
362,0,1,42
363,0,1,43
364,0,1,44
365,0,1,45
366,0,1,46
367,0,1,47
368,0,1,48
369,0,1,49
370,0,1,50
371,0,1,51
372,0,1,52
373,0,1,53
374,0,1,54
375,0,1,55
376,0,1,56
377,0,1,57
378,0,1,58
379,0,1,59
380,0,1,60
381,0,1,61
382,0,1,62
383,0,1,63
384,0,1,64
385,0,1,65
386,0,1,66
387,0,1,67
388,0,1,68
389,0,1,69
390,0,1,70
391,0,1,71
392,0,1,72
393,0,1,73
394,0,1,74
395,0,1,75
396,0,1,76
397,0,1,77
398,0,1,78
399,0,1,79
400,0,1,80
401,0,1,81
402,0,1,82
403,0,1,83
404,0,1,84
405,0,1,85
406,0,1,86
407,0,1,87
408,0,1,88
409,0,1,89
410,0,1,90
411,0,1,91
412,0,1,92
413,0,1,93
414,0,1,94
415,0,1,95
416,0,1,96
417,0,1,97
418,0,1,98
419,0,1,99
420,0,1,100
421,0,1,101
422,0,1,101
423,0,1,101
424,0,1,101
425,0,1,101
426,0,1,101
427,0,1,101
428,0,1,101
429,0,1,101
430,0,1,101
431,0,1,101
432,0,1,101
433,0,1,101
434,0,1,101
435,0,1,101
436,0,1,101
437,0,1,101
438,0,1,101
439,0,1,101
440,0,1,101
441,0,1,101
442,0,1,101
443,0,1,101
444,0,1,101
445,0,1,101
446,0,1,101
447,0,1,101
448,0,1,101
449,0,1,101
450,0,1,101
451,0,1,101
452,0,1,101
453,0,1,101
454,0,1,101
455,0,1,101
456,0,1,101
457,0,1,101
458,0,1,101
459,0,1,101
460,0,1,101
461,0,1,101
462,0,1,101
463,0,1,101
464,0,1,101
465,0,1,101
466,0,1,101
467,0,1,101
468,0,1,101
469,0,1,101
470,0,1,101
471,0,1,101
472,0,1,101
473,0,1,101
474,0,1,101
475,0,1,101
476,0,1,102
477,0,1,102
478,0,1,102
479,0,1,102
480,0,1,102
481,0,1,102
482,0,1,102
483,0,1,102
484,0,1,102
485,0,1,102
486,0,1,102
487,0,1,102
488,0,1,102
489,0,1,102
490,0,1,102
491,0,1,102
492,0,1,102
493,0,1,102
494,0,1,102
495,0,1,102
496,0,1,102
497,0,1,102
498,0,1,102
499,0,1,102
500,0,1,102
501,0,1,102
502,0,1,102
503,0,1,102
504,0,1,102
505,0,1,102
506,0,1,102
507,0,1,102
508,0,1,102
509,0,1,102
510,0,1,102